{
	"individuals": [
		{
			"genes": {
				"consecutive_x": 1.6732517914902925,
				"one_row_filled": 95.03600014403546,
				"two_rows_filled": 6.90482910307888,
				"three_rows_filled": 156.4593673066904,
				"four_rows_filled": 815.9483185162992,
				"gaps_vertical": -63.20870777546024,
				"height": 1.870155093232224,
				"border": 74.93330538433188
			},
			"fitness": 145
		},
		{
			"genes": {
				"consecutive_x": 1.6732517914902925,
				"one_row_filled": 71.02892130065801,
				"two_rows_filled": 195.4909657528844,
				"three_rows_filled": 253.00080612981786,
				"four_rows_filled": 815.9483185162992,
				"gaps_vertical": -63.20870777546024,
				"height": 1.26329022670196,
				"border": 74.93330538433188
			},
			"fitness": 64
		},
		{
			"genes": {
				"consecutive_x": 0.5610889035664854,
				"one_row_filled": 71.02892130065801,
				"two_rows_filled": 195.4909657528844,
				"three_rows_filled": 253.00080612981786,
				"four_rows_filled": 239.9901536233092,
				"gaps_vertical": -30.597399294897465,
				"height": 1.1347264817847245,
				"border": 0.17990112630101866
			},
			"fitness": 30
		}
	]
}
