{
	"individuals": [
		{
			"genes": {
				"consecutive_x": 0.5610889035664854,
				"one_row_filled": 71.02892130065801,
				"two_rows_filled": 6.90482910307888,
				"three_rows_filled": 156.4593673066904,
				"four_rows_filled": 815.9483185162992,
				"gaps_vertical": -63.20870777546024,
				"height": 1.26329022670196,
				"border": 74.93330538433188
			},
			"fitness": 282
		},
		{
			"genes": {
				"consecutive_x": 0.5610889035664854,
				"one_row_filled": 71.02892130065801,
				"two_rows_filled": 6.90482910307888,
				"three_rows_filled": 156.4593673066904,
				"four_rows_filled": 815.9483185162992,
				"gaps_vertical": -63.20870777546024,
				"height": 1.26329022670196,
				"border": 74.93330538433188
			},
			"fitness": 35
		},
		{
			"genes": {
				"consecutive_x": 0.8074189863292949,
				"one_row_filled": 97.40438903933473,
				"two_rows_filled": 123.18072746011115,
				"three_rows_filled": 275.01116947721536,
				"four_rows_filled": 286.76552716451359,
				"gaps_vertical": -61.8856963363348,
				"height": 1.586720945880899,
				"border": 26.672047294887017
			},
			"fitness": 0
		}
	]
}
