{
	"individuals": [
		{
			"genes": {
				"consecutive_x": 0.5753717230988373,
				"one_row_filled": 28.031412937662699,
				"two_rows_filled": 46.16826879352969,
				"three_rows_filled": 131.32536921111174,
				"four_rows_filled": 769.8644505064145,
				"gaps_vertical": -64.37469323458038,
				"height": 1.9617330568558025,
				"border": 18.14380428377076
			},
			"fitness": 44
		},
		{
			"genes": {
				"consecutive_x": 1.3047786894714664,
				"one_row_filled": 97.91287289840294,
				"two_rows_filled": 131.0587640285845,
				"three_rows_filled": 328.0389430514504,
				"four_rows_filled": 813.5983208775267,
				"gaps_vertical": -69.18900967368357,
				"height": 1.540422629083574,
				"border": 40.50426079704137
			},
			"fitness": 33
		},
		{
			"genes": {
				"consecutive_x": 1.226300715811715,
				"one_row_filled": 63.50534093911251,
				"two_rows_filled": 91.41158393596469,
				"three_rows_filled": 296.8385172090671,
				"four_rows_filled": 632.874214437921,
				"gaps_vertical": -71.96670748712376,
				"height": 1.8090444421474928,
				"border": 76.73014235379118
			},
			"fitness": 18
		}
	]
}
