{
	"individuals": [
		{
			"genes": {
				"consecutive_x": 0.1626825541872612,
				"one_row_filled": 52.935314963956539,
				"two_rows_filled": 174.56949319997436,
				"three_rows_filled": 363.020807462665,
				"four_rows_filled": 947.630696994044,
				"gaps_vertical": -6.083491292208376,
				"height": 1.739817591742459,
				"border": 17.12501255557004
			},
			"fitness": 143
		},
		{
			"genes": {
				"consecutive_x": 1.452174767582512,
				"one_row_filled": 77.19514004945438,
				"two_rows_filled": 26.66892746565943,
				"three_rows_filled": 342.6243661342394,
				"four_rows_filled": 914.5255569821233,
				"gaps_vertical": -1.3255248197613812,
				"height": 1.8638963831570826,
				"border": 77.83696264677518
			},
			"fitness": 14
		},
		{
			"genes": {
				"consecutive_x": 0.975791558547472,
				"one_row_filled": 77.19514004945438,
				"two_rows_filled": 26.66892746565943,
				"three_rows_filled": 97.97882306310096,
				"four_rows_filled": 871.5725955439247,
				"gaps_vertical": -75.76183264753085,
				"height": 1.745888430774879,
				"border": 52.94021294377684
			},
			"fitness": 14
		}
	]
}
